{
  "version": 1,
  "author": "Abhinav Reddy Mosali",
  "editor": "wokwi",
  "parts": [
    { "type": "board-esp32-devkit-c-v4", "id": "esp", "top": 9.6, "left": -4.76, "attrs": {} },
    { "type": "wokwi-dht22", "id": "dht1", "top": -86.1, "left": -168.6, "attrs": {} },
    {
      "type": "wokwi-hx711",
      "id": "cell1",
      "top": -83.8,
      "left": 194.6,
      "attrs": { "type": "5kg" }
    },
    {
      "type": "board-ssd1306",
      "id": "oled1",
      "top": 195.14,
      "left": -162.97,
      "attrs": { "i2cAddress": "0x3c" }
    },
    { "type": "wokwi-photoresistor-sensor", "id": "ldr1", "top": 89.6, "left": 212, "attrs": {} }
  ],
  "connections": [
    [ "esp:TX", "$serialMonitor:RX", "", [] ],
    [ "esp:RX", "$serialMonitor:TX", "", [] ],
    [ "dht1:VCC", "esp:3V3", "red", [ "v0" ] ],
    [ "esp:GND.1", "dht1:GND", "black", [ "h0" ] ],
    [ "dht1:SDA", "esp:15", "green", [ "v9.6", "h-28.7", "v-134.4", "h297.6", "v278.4" ] ],
    [ "cell1:VCC", "esp:3V3", "red", [ "h-249.6", "v48" ] ],
    [ "esp:GND.2", "cell1:GND", "black", [ "v-19.2", "h67.2", "v-76.8" ] ],
    [ "esp:4", "cell1:DT", "green", [ "h86.4", "v-201.6" ] ],
    [ "esp:5", "cell1:SCK", "green", [ "h76.8", "v-163.2" ] ],
    [ "oled1:VCC", "esp:3V3", "red", [ "v-153.6", "h96.15" ] ],
    [ "esp:GND.3", "oled1:GND", "black", [ "h38.4", "v220.8", "h-345.6", "v-144", "h86.4" ] ],
    [ "oled1:SCL", "esp:22", "green", [ "v-211.2", "h249.9", "v67.2" ] ],
    [ "esp:21", "oled1:SDA", "green", [ "h57.6", "v153.6", "h-192", "v-96", "h-57.6" ] ],
    [ "ldr1:VCC", "esp:3V3", "red", [ "h9.6", "v-259.2", "h-403.2", "v192", "h9.6" ] ],
    [ "ldr1:GND", "esp:GND.1", "black", [ "h48", "v-298", "h-480", "v336", "h-9.6" ] ],
    [ "esp:32", "ldr1:DO", "green", [ "h-19.05", "v259.2", "h470.4", "v38.4" ] ],
    [ "ldr1:AO", "esp:34", "green", [ "h28.8", "v248.9", "h-441.6", "v-307.2" ] ]
  ],
  "dependencies": {}
}